family_external_id,local_path,alt_text,title,image_type,width,height,file_size,local_filename
45719,images/bim_families/image_1_%D0%92%D0%A1_125%D1%8582.jpg,,,slider_selenium,306,200,11024,image_1_%D0%92%D0%A1_125%D1%8582.jpg
45719,images/bim_families/image_2_1.jpg,,,slider_selenium,306,200,17148,image_2_1.jpg
45719,images/bim_families/image_3_2.jpg,,,slider_selenium,306,200,38105,image_3_2.jpg
45719,images/bim_families/image_4_3.jpg,,,slider_selenium,306,200,12962,image_4_3.jpg
45719,images/bim_families/image_5_4.jpg,,,slider_selenium,306,200,15600,image_5_4.jpg
45719,images/bim_families/image_6_5.jpg,,,slider_selenium,306,200,12733,image_6_5.jpg
45719,images/bim_families/image_7_6.jpg,,,slider_selenium,306,200,13261,image_7_6.jpg
45719,images/bim_families/image_8_7.jpg,,,slider_selenium,306,200,12145,image_8_7.jpg
45719,images/bim_families/image_9_%D0%92%D0%A1_125%D1%8582.jpg,Каталог водосточной системы. Revit,,general_selenium,207,207,6119,image_9_%D0%92%D0%A1_125%D1%8582.jpg
45719,images/bim_families/image_10_e3e16167-678d-4f73-81c7-3462fd67707a.svg,ТЕХНОНИКОЛЬ,,general_selenium,159,159,1767,image_10_e3e16167-678d-4f73-81c7-3462fd67707a.svg
18333,images/bim_families/image_1_%D0%A2%D0%9D-%D0%A4%D0%A3%D0%9D%D0%94%D0%90%D0%9C%D0%95%D0%9D%D0%A2-%D0%9F%D1%80%D0%BE%D1%82%D0%B5%D0%BA%D1%82-%D0%AD%D0%BA%D1%81%D0%BF%D0%B5%D1%80%D1%82.png,,,slider_selenium,306,200,126427,image_1_%D0%A2%D0%9D-%D0%A4%D0%A3%D0%9D%D0%94%D0%90%D0%9C%D0%95%D0%9D%D0%A2-%D0%9F%D1%80%D0%BE%D1%82%D0%B5%D0%BA%D1%82-%D0%AD%D0%BA%D1%81%D0%BF%D0%B5%D1%80%D1%82.png
18333,images/bim_families/image_2_1.jpg,,,slider_selenium,306,200,17959,image_2_1.jpg
18333,images/bim_families/image_3_2.jpg,,,slider_selenium,306,200,18521,image_3_2.jpg
18333,images/bim_families/image_4_3.jpg,,,slider_selenium,306,200,18497,image_4_3.jpg
18333,images/bim_families/image_5_4.jpg,,,slider_selenium,306,200,9712,image_5_4.jpg
18333,images/bim_families/image_6_5.jpg,,,slider_selenium,306,200,11411,image_6_5.jpg
18333,images/bim_families/image_7_6.jpg,,,slider_selenium,306,200,10797,image_7_6.jpg
18333,images/bim_families/image_8_%D0%A2%D0%9D-%D0%A4%D0%A3%D0%9D%D0%94%D0%90%D0%9C%D0%95%D0%9D%D0%A2-%D0%9F%D1%80%D0%BE%D1%82%D0%B5%D0%BA%D1%82-%D0%AD%D0%BA%D1%81%D0%BF%D0%B5%D1%80%D1%82.png,Каталог фундаментов и подпорных сооружений. Revit,,general_selenium,207,207,55988,image_8_%D0%A2%D0%9D-%D0%A4%D0%A3%D0%9D%D0%94%D0%90%D0%9C%D0%95%D0%9D%D0%A2-%D0%9F%D1%80%D0%BE%D1%82%D0%B5%D0%BA%D1%82-%D0%AD%D0%BA%D1%81%D0%BF%D0%B5%D1%80%D1%82.png
18333,images/bim_families/image_9_e3e16167-678d-4f73-81c7-3462fd67707a.svg,ТЕХНОНИКОЛЬ,,general_selenium,159,159,1767,image_9_e3e16167-678d-4f73-81c7-3462fd67707a.svg
39991,images/bim_families/image_1_bimlib858ecd6eaa653e76b10b8d13d7d79f9c.jpg,,,slider_selenium,306,200,7822,image_1_bimlib858ecd6eaa653e76b10b8d13d7d79f9c.jpg
39991,images/bim_families/image_2_bimlibb06847efbf270b942e6ef64f3fc5bfbd.jpg,,,slider_selenium,306,200,7334,image_2_bimlibb06847efbf270b942e6ef64f3fc5bfbd.jpg
39991,images/bim_families/image_3_bimlib858ecd6eaa653e76b10b8d13d7d79f9c.jpg,Алюминиевое окно одностворчатое NEWTEC EUROline,,general_selenium,207,207,4512,image_3_bimlib858ecd6eaa653e76b10b8d13d7d79f9c.jpg
39991,images/bim_families/image_4_8fc503f1-3662-444f-834f-e7b31eeadfd4.jpg,NEWTEC,,general_selenium,159,159,100298,image_4_8fc503f1-3662-444f-834f-e7b31eeadfd4.jpg
36066,images/bim_families/image_1_bimlib5bde5c499005a72df1cfd60fe2831bd2.jpg,,,slider_selenium,306,200,8910,image_1_bimlib5bde5c499005a72df1cfd60fe2831bd2.jpg
36066,images/bim_families/image_2_bimlib50121faaeb0c9a6c96f3e3ca73370c36.jpg,,,slider_selenium,306,200,9320,image_2_bimlib50121faaeb0c9a6c96f3e3ca73370c36.jpg
36066,images/bim_families/image_3_bimlib5bde5c499005a72df1cfd60fe2831bd2.jpg,Окно двустворчатое параллельно-сдвижное SUNLINE схема D,,general_selenium,207,207,4985,image_3_bimlib5bde5c499005a72df1cfd60fe2831bd2.jpg
36066,images/bim_families/image_4_8911b7de-3537-4a70-858c-eea4a8ee7d4c.png,VEKA,,general_selenium,159,159,11658,image_4_8911b7de-3537-4a70-858c-eea4a8ee7d4c.png
40700,images/bim_families/image_1_bimlib0e02e8804cd938b158173f79164b9072.png,,,slider_selenium,306,200,69067,image_1_bimlib0e02e8804cd938b158173f79164b9072.png
40700,images/bim_families/image_2_bimlib730142d66dd8b436df010ec551432796.png,,,slider_selenium,306,200,202735,image_2_bimlib730142d66dd8b436df010ec551432796.png
40700,images/bim_families/image_3_bimlibcd02d054bdb4d5f685bc2ae3b1cb7dec.jpg,,,slider_selenium,306,200,14406,image_3_bimlibcd02d054bdb4d5f685bc2ae3b1cb7dec.jpg
40700,images/bim_families/image_4_bimlib245d2a7b028c768d5bb9fcf760373f22.jpg,,,slider_selenium,306,200,41042,image_4_bimlib245d2a7b028c768d5bb9fcf760373f22.jpg
40700,images/bim_families/image_5_bimlib62056e42cfd875b3660127f3a70ad187.jpg,,,slider_selenium,306,200,6420,image_5_bimlib62056e42cfd875b3660127f3a70ad187.jpg
40700,images/bim_families/image_6_bimlibd12442f765ca9a025cb4d9c0f53ccf93.jpg,,,slider_selenium,306,200,5595,image_6_bimlibd12442f765ca9a025cb4d9c0f53ccf93.jpg
40700,images/bim_families/image_7_bimlibccffb4ec503c2d6fb2666ce0f7599723.jpg,,,slider_selenium,306,200,6052,image_7_bimlibccffb4ec503c2d6fb2666ce0f7599723.jpg
40700,images/bim_families/image_8_bimlibcd4943c6c1af85beb396548b0691ee49.jpg,,,slider_selenium,306,200,8404,image_8_bimlibcd4943c6c1af85beb396548b0691ee49.jpg
40700,images/bim_families/image_9_bimlib0e02e8804cd938b158173f79164b9072.png,Дверь AquaDoor композитная глухая однопольная распашная,,general_selenium,207,207,34202,image_9_bimlib0e02e8804cd938b158173f79164b9072.png
40700,images/bim_families/image_10_d74542b5-d02b-42a5-9f57-54fbd1f4276c.jpg,AquaDoor,,general_selenium,159,159,78290,image_10_d74542b5-d02b-42a5-9f57-54fbd1f4276c.jpg
18327,images/bim_families/image_1_%D0%A2%D0%9D-%D0%9A%D0%A0%D0%9E%D0%92%D0%9B%D0%AF-%D0%9C%D0%90%D0%A1%D0%A2%D0%95%D0%A0-%D0%A4%D0%98%D0%9A%D0%A1.jpg,,,slider_selenium,306,200,14771,image_1_%D0%A2%D0%9D-%D0%9A%D0%A0%D0%9E%D0%92%D0%9B%D0%AF-%D0%9C%D0%90%D0%A1%D0%A2%D0%95%D0%A0-%D0%A4%D0%98%D0%9A%D0%A1.jpg
18327,images/bim_families/image_2_1.jpg,,,slider_selenium,306,200,17959,image_2_1.jpg
18327,images/bim_families/image_3_2.jpg,,,slider_selenium,306,200,18521,image_3_2.jpg
18327,images/bim_families/image_4_3.jpg,,,slider_selenium,306,200,18497,image_4_3.jpg
18327,images/bim_families/image_5_4.jpg,,,slider_selenium,306,200,9712,image_5_4.jpg
18327,images/bim_families/image_6_5.jpg,,,slider_selenium,306,200,11411,image_6_5.jpg
18327,images/bim_families/image_7_6.jpg,,,slider_selenium,306,200,10797,image_7_6.jpg
18327,images/bim_families/image_8_%D0%A2%D0%9D-%D0%9A%D0%A0%D0%9E%D0%92%D0%9B%D0%AF-%D0%9C%D0%90%D0%A1%D0%A2%D0%95%D0%A0-%D0%A4%D0%98%D0%9A%D0%A1.jpg,Каталог плоских крыш и стилобатов. Revit,,general_selenium,207,207,7737,image_8_%D0%A2%D0%9D-%D0%9A%D0%A0%D0%9E%D0%92%D0%9B%D0%AF-%D0%9C%D0%90%D0%A1%D0%A2%D0%95%D0%A0-%D0%A4%D0%98%D0%9A%D0%A1.jpg
18327,images/bim_families/image_9_e3e16167-678d-4f73-81c7-3462fd67707a.svg,ТЕХНОНИКОЛЬ,,general_selenium,159,159,1767,image_9_e3e16167-678d-4f73-81c7-3462fd67707a.svg
45724,images/bim_families/image_1_a6f69c52ef94c7faa3ead82dc058d8d68011cec6_th_500_PROF.png,,,slider_selenium,306,200,65118,image_1_a6f69c52ef94c7faa3ead82dc058d8d68011cec6_th_500_PROF.png
45724,images/bim_families/image_2_1.jpg,,,slider_selenium,306,200,17148,image_2_1.jpg
45724,images/bim_families/image_3_2.jpg,,,slider_selenium,306,200,38105,image_3_2.jpg
45724,images/bim_families/image_4_3.jpg,,,slider_selenium,306,200,12962,image_4_3.jpg
45724,images/bim_families/image_5_4.jpg,,,slider_selenium,306,200,15600,image_5_4.jpg
45724,images/bim_families/image_6_5.jpg,,,slider_selenium,306,200,12733,image_6_5.jpg
45724,images/bim_families/image_7_6.jpg,,,slider_selenium,306,200,13261,image_7_6.jpg
45724,images/bim_families/image_8_7.jpg,,,slider_selenium,306,200,12145,image_8_7.jpg
45724,images/bim_families/image_9_a6f69c52ef94c7faa3ead82dc058d8d68011cec6_th_500_PROF.png,Каталог ограждений кровли и снегозадержатели. Revit,,general_selenium,207,207,31893,image_9_a6f69c52ef94c7faa3ead82dc058d8d68011cec6_th_500_PROF.png
45724,images/bim_families/image_10_e3e16167-678d-4f73-81c7-3462fd67707a.svg,ТЕХНОНИКОЛЬ,,general_selenium,159,159,1767,image_10_e3e16167-678d-4f73-81c7-3462fd67707a.svg
18331,images/bim_families/image_1_%D0%A2%D0%9D-%D0%9A%D0%A0%D0%9E%D0%92%D0%9B%D0%AF%20%D0%A8%D0%B8%D0%BD%D0%B3%D0%BB%D0%B0%D1%81%20%D0%9C%D0%B0%D0%BD%D1%81%D0%B0%D1%80%D0%B4%D0%B0.png,,,slider_selenium,306,200,4047982,image_1_%D0%A2%D0%9D-%D0%9A%D0%A0%D0%9E%D0%92%D0%9B%D0%AF%20%D0%A8%D0%B8%D0%BD%D0%B3%D0%BB%D0%B0%D1%81%20%D0%9C%D0%B0%D0%BD%D1%81%D0%B0%D1%80%D0%B4%D0%B0.png
18331,images/bim_families/image_2_1.jpg,,,slider_selenium,306,200,17959,image_2_1.jpg
18331,images/bim_families/image_3_2.jpg,,,slider_selenium,306,200,18521,image_3_2.jpg
18331,images/bim_families/image_4_3.jpg,,,slider_selenium,306,200,18497,image_4_3.jpg
18331,images/bim_families/image_5_4.jpg,,,slider_selenium,306,200,9712,image_5_4.jpg
18331,images/bim_families/image_6_5.jpg,,,slider_selenium,306,200,11411,image_6_5.jpg
18331,images/bim_families/image_7_6.jpg,,,slider_selenium,306,200,10797,image_7_6.jpg
18331,images/bim_families/image_8_%D0%A2%D0%9D-%D0%9A%D0%A0%D0%9E%D0%92%D0%9B%D0%AF%20%D0%A8%D0%B8%D0%BD%D0%B3%D0%BB%D0%B0%D1%81%20%D0%9C%D0%B0%D0%BD%D1%81%D0%B0%D1%80%D0%B4%D0%B0.png,Каталог скатных крыш. Revit,,general_selenium,207,207,4047982,image_8_%D0%A2%D0%9D-%D0%9A%D0%A0%D0%9E%D0%92%D0%9B%D0%AF%20%D0%A8%D0%B8%D0%BD%D0%B3%D0%BB%D0%B0%D1%81%20%D0%9C%D0%B0%D0%BD%D1%81%D0%B0%D1%80%D0%B4%D0%B0.png
18331,images/bim_families/image_9_e3e16167-678d-4f73-81c7-3462fd67707a.svg,ТЕХНОНИКОЛЬ,,general_selenium,159,159,1767,image_9_e3e16167-678d-4f73-81c7-3462fd67707a.svg
42850,images/bim_families/image_1_doors.400.jpg,,,slider_selenium,306,200,11673,image_1_doors.400.jpg
42850,images/bim_families/image_2_doors.405.jpg,,,slider_selenium,306,200,10855,image_2_doors.405.jpg
42850,images/bim_families/image_3_doors.404.png,,,slider_selenium,306,200,10706,image_3_doors.404.png
42850,images/bim_families/image_4_doors.398.jpg,,,slider_selenium,306,200,9520,image_4_doors.398.jpg
42850,images/bim_families/image_5_doors.406.png,,,slider_selenium,306,200,24497,image_5_doors.406.png
42850,images/bim_families/image_6_doors.407.png,,,slider_selenium,306,200,51323,image_6_doors.407.png
42850,images/bim_families/image_7_doors.400.jpg,Дверь металлическая квартирная сплошная однопольная типа ДМ-100 с МДФ панелями,,general_selenium,207,207,5762,image_7_doors.400.jpg
42850,images/bim_families/image_8_4c3c8af5-d19c-41ca-8218-41a00198a839.jpg,НПО «Пульс»,,general_selenium,159,159,40810,image_8_4c3c8af5-d19c-41ca-8218-41a00198a839.jpg
43826,images/bim_families/image_1_bimlib4e765f3c12f4551780c377595ec78583.jpg,Межкомнатная дверь Экза 4 М,,general_selenium,100,100,12680,image_1_bimlib4e765f3c12f4551780c377595ec78583.jpg
43826,images/bim_families/image_2_bimlib46004ee1f7cad284f6adcf17b718d829.png,ES1-Push-BE10,,general_selenium,100,100,14608,image_2_bimlib46004ee1f7cad284f6adcf17b718d829.png
43826,images/bim_families/image_3_bimlibef65f580623668d56c5e613fb3f1f7f7.jpg,Дверь балконная ARtec EF 70,,general_selenium,100,100,47106,image_3_bimlibef65f580623668d56c5e613fb3f1f7f7.jpg
43826,images/bim_families/image_4_bimlib67225873c1a8b6a5d2e2d794ab4cda4b.jpg,Дверной замок SVP 2361,,general_selenium,100,100,2408,image_4_bimlib67225873c1a8b6a5d2e2d794ab4cda4b.jpg
43826,images/bim_families/image_5_DCS_m_Lobby_Montage_02%20(1).jpg,Schüco Дверная система Сборник,,general_selenium,207,207,33918651,image_5_DCS_m_Lobby_Montage_02%20(1).jpg
43826,images/bim_families/image_6_aee51c07-2155-476e-93e8-d2b250ece6fc.jpg,Schüco,,general_selenium,159,159,4608,image_6_aee51c07-2155-476e-93e8-d2b250ece6fc.jpg
53516,images/bim_families/image_1_dpm260%20+%20nippel.jpg,"Дверь противопожарная ДПМ-Огнедекор-02/60, ниппель",,general_selenium,207,207,36070,image_1_dpm260%20+%20nippel.jpg
53516,images/bim_families/image_2_c50f0a85-d05d-4fc8-8725-c06a92f71bc3.jpg,ДВР центр,,general_selenium,159,159,5810,image_2_c50f0a85-d05d-4fc8-8725-c06a92f71bc3.jpg
31609,images/bim_families/image_1_bimlibf79728ed4b5dcf66d67b5b205e31d3af.jpg,,,slider_selenium,306,200,5295,image_1_bimlibf79728ed4b5dcf66d67b5b205e31d3af.jpg
31609,images/bim_families/image_2_bimlib0dbae77b02580c359bbcb2d1607ee646.jpg,,,slider_selenium,306,200,22712,image_2_bimlib0dbae77b02580c359bbcb2d1607ee646.jpg
31609,images/bim_families/image_3_bimlib35f65df85342f165eb43f1e17ae92c91.jpg,,,slider_selenium,306,200,27985,image_3_bimlib35f65df85342f165eb43f1e17ae92c91.jpg
31609,images/bim_families/image_4_bimlibf79728ed4b5dcf66d67b5b205e31d3af.jpg,Дверь одностворчатая WHS 60,,general_selenium,207,207,3011,image_4_bimlibf79728ed4b5dcf66d67b5b205e31d3af.jpg
31609,images/bim_families/image_5_8911b7de-3537-4a70-858c-eea4a8ee7d4c.png,VEKA,,general_selenium,159,159,11658,image_5_8911b7de-3537-4a70-858c-eea4a8ee7d4c.png
31175,images/bim_families/image_1_bimlibe6460636d824efb2d906acc14324e272.jpg,,,slider_selenium,306,200,19947,image_1_bimlibe6460636d824efb2d906acc14324e272.jpg
31175,images/bim_families/image_2_bimlib15701c8287fe6b4374e3db90f1a1a2ec.jpg,,,slider_selenium,306,200,14358,image_2_bimlib15701c8287fe6b4374e3db90f1a1a2ec.jpg
31175,images/bim_families/image_3_bimlib91061efa1a11f9793a3fd5798433eb64.jpg,,,slider_selenium,306,200,13377,image_3_bimlib91061efa1a11f9793a3fd5798433eb64.jpg
31175,images/bim_families/image_4_bimlib8943c52ce02341f51d43ba4c9a6cf12c.jpg,,,slider_selenium,306,200,16467,image_4_bimlib8943c52ce02341f51d43ba4c9a6cf12c.jpg
31175,images/bim_families/image_5_bimlibe6460636d824efb2d906acc14324e272.jpg,"Система утепления цоколя с декоративной штукатуркой на экструдированном пенополистироле THERMOMAX 100W, 100W, D1W, 302, ProfFasad",,general_selenium,207,207,10416,image_5_bimlibe6460636d824efb2d906acc14324e272.jpg
31175,images/bim_families/image_6_5b4c5969-ec08-4e0e-829b-cf61bc452ab4.svg,Thermomax,,general_selenium,159,159,15544,image_6_5b4c5969-ec08-4e0e-829b-cf61bc452ab4.svg
21856,images/bim_families/image_1_bimlibe73d2122f7dd5da91afa3284eafdcff6.jpg,,,slider_selenium,306,200,30269,image_1_bimlibe73d2122f7dd5da91afa3284eafdcff6.jpg
21856,images/bim_families/image_2_bimlib2ec3b8be9b5c48361cc6cb3cd772490e.jpg,,,slider_selenium,306,200,18996,image_2_bimlib2ec3b8be9b5c48361cc6cb3cd772490e.jpg
21856,images/bim_families/image_3_bimlibe73d2122f7dd5da91afa3284eafdcff6.jpg,"Многослойная система утепления из пенополистирола LOBATHERM Р с декоративно-защитной штукатуркой, основание-полнотелый кирпич М300, отделка-базовый слой KAS, грунтовка QG, декоративная штукатурка KHR2",,general_selenium,207,207,14350,image_3_bimlibe73d2122f7dd5da91afa3284eafdcff6.jpg
21856,images/bim_families/image_4_73e7bd60-2bd5-4474-a541-e232efc09712.jpg,АО «Зиверт Рус»,,general_selenium,159,159,50739,image_4_73e7bd60-2bd5-4474-a541-e232efc09712.jpg
14807,images/bim_families/image_1_bimlib3a24843a31b83196467c9ffbe7ad1379.jpg,,,slider_selenium,306,200,19142,image_1_bimlib3a24843a31b83196467c9ffbe7ad1379.jpg
14807,images/bim_families/image_2_bimlib769580bb956a3a2e1c1d7bbfd4aab7bb.jpg,,,slider_selenium,306,200,22985,image_2_bimlib769580bb956a3a2e1c1d7bbfd4aab7bb.jpg
14807,images/bim_families/image_3_bimlib3a24843a31b83196467c9ffbe7ad1379.jpg,Ворота противопожарные подъемно-секционные ВППС-ОГНЕДЕКОР-60К с калиткой,,general_selenium,207,207,9321,image_3_bimlib3a24843a31b83196467c9ffbe7ad1379.jpg
14807,images/bim_families/image_4_c50f0a85-d05d-4fc8-8725-c06a92f71bc3.jpg,ДВР центр,,general_selenium,159,159,5810,image_4_c50f0a85-d05d-4fc8-8725-c06a92f71bc3.jpg
35726,images/bim_families/image_1_3D%20%D1%81%D0%B8%D1%81%D1%82%D0%B5%D0%BC%D0%B0%2001060400.png,,,slider_selenium,306,200,2447292,image_1_3D%20%D1%81%D0%B8%D1%81%D1%82%D0%B5%D0%BC%D0%B0%2001060400.png
35726,images/bim_families/image_4_3D%20%D1%81%D0%B8%D1%81%D1%82%D0%B5%D0%BC%D0%B0%2001060400.png,Доутепление скатных крыш изнутри,,general_selenium,207,207,2447292,image_4_3D%20%D1%81%D0%B8%D1%81%D1%82%D0%B5%D0%BC%D0%B0%2001060400.png
35726,images/bim_families/image_5_2b45642a-6e58-4d2e-9bb6-dcf79e65715c.svg,ПЕНОПЛЭКС,,general_selenium,159,159,29044,image_5_2b45642a-6e58-4d2e-9bb6-dcf79e65715c.svg
52041,images/bim_families/image_1_%D0%BF11%20%D1%81%D1%82%D0%B5%D0%BD%D1%8B.png,,,slider_selenium,306,200,233123,image_1_%D0%BF11%20%D1%81%D1%82%D0%B5%D0%BD%D1%8B.png
52041,images/bim_families/image_2_%D0%BF11%D1%81%D1%82%D0%B5%D0%BD%D1%8B%201.png,,,slider_selenium,306,200,206099,image_2_%D0%BF11%D1%81%D1%82%D0%B5%D0%BD%D1%8B%201.png
52041,images/bim_families/image_3_%D0%BF11%D1%81%D1%82%D0%B5%D0%BD%D1%8B%202.png,,,slider_selenium,306,200,155509,image_3_%D0%BF11%D1%81%D1%82%D0%B5%D0%BD%D1%8B%202.png
52041,images/bim_families/image_4_%D0%BF11%D1%81%D1%82%D0%B5%D0%BD%D1%8B%203.png,,,slider_selenium,306,200,262890,image_4_%D0%BF11%D1%81%D1%82%D0%B5%D0%BD%D1%8B%203.png
52041,images/bim_families/image_5_%D0%BF11%20%D1%81%D1%82%D0%B5%D0%BD%D1%8B.png,Загружаемые семейства примыкания кровли к стенам,,general_selenium,207,207,233123,image_5_%D0%BF11%20%D1%81%D1%82%D0%B5%D0%BD%D1%8B.png
52041,images/bim_families/image_6_2b45642a-6e58-4d2e-9bb6-dcf79e65715c.svg,ПЕНОПЛЭКС,,general_selenium,159,159,29044,image_6_2b45642a-6e58-4d2e-9bb6-dcf79e65715c.svg
52055,images/bim_families/image_1_%D0%BF12%20%D0%BA%20%D1%82%D1%80%D1%83%D0%B1%D0%B5.png,,,slider_selenium,306,200,88649,image_1_%D0%BF12%20%D0%BA%20%D1%82%D1%80%D1%83%D0%B1%D0%B5.png
52055,images/bim_families/image_2_%D0%BF12%20%D0%BA%20%D1%82%D1%80%D1%83%D0%B1%D0%B51.png,,,slider_selenium,306,200,90927,image_2_%D0%BF12%20%D0%BA%20%D1%82%D1%80%D1%83%D0%B1%D0%B51.png
52055,images/bim_families/image_3_%D0%BF12%20%D0%BA%20%D1%82%D1%80%D1%83%D0%B1%D0%B52.png,,,slider_selenium,306,200,95971,image_3_%D0%BF12%20%D0%BA%20%D1%82%D1%80%D1%83%D0%B1%D0%B52.png
52055,images/bim_families/image_4_%D0%BF12%20%D0%BA%20%D1%82%D1%80%D1%83%D0%B1%D0%B5.png,Загружаемые семейства примыканий кровли к трубам,,general_selenium,207,207,88649,image_4_%D0%BF12%20%D0%BA%20%D1%82%D1%80%D1%83%D0%B1%D0%B5.png
52055,images/bim_families/image_5_2b45642a-6e58-4d2e-9bb6-dcf79e65715c.svg,ПЕНОПЛЭКС,,general_selenium,159,159,29044,image_5_2b45642a-6e58-4d2e-9bb6-dcf79e65715c.svg
52056,images/bim_families/image_1_%D0%BF17%20%D0%BA%20%D0%B2%D0%BE%D1%80%D0%BE%D0%BD%D0%BA%D0%B0%D0%BC%20.png,,,slider_selenium,306,200,119415,image_1_%D0%BF17%20%D0%BA%20%D0%B2%D0%BE%D1%80%D0%BE%D0%BD%D0%BA%D0%B0%D0%BC%20.png
52056,images/bim_families/image_2_%D0%BF17%20%D0%BA%20%D0%B2%D0%BE%D1%80%D0%BE%D0%BD%D0%BA%D0%B0%D0%BC%201.png,,,slider_selenium,306,200,183143,image_2_%D0%BF17%20%D0%BA%20%D0%B2%D0%BE%D1%80%D0%BE%D0%BD%D0%BA%D0%B0%D0%BC%201.png
52056,images/bim_families/image_3_%D0%BF17%20%D0%BA%20%D0%B2%D0%BE%D1%80%D0%BE%D0%BD%D0%BA%D0%B0%D0%BC%20.png,Загружаемые семейства узлов примыканий кровли к воронкам,,general_selenium,207,207,119415,image_3_%D0%BF17%20%D0%BA%20%D0%B2%D0%BE%D1%80%D0%BE%D0%BD%D0%BA%D0%B0%D0%BC%20.png
52056,images/bim_families/image_4_2b45642a-6e58-4d2e-9bb6-dcf79e65715c.svg,ПЕНОПЛЭКС,,general_selenium,159,159,29044,image_4_2b45642a-6e58-4d2e-9bb6-dcf79e65715c.svg
35753,images/bim_families/image_4_2b45642a-6e58-4d2e-9bb6-dcf79e65715c.svg,ПЕНОПЛЭКС,,general_selenium,159,159,29044,image_4_2b45642a-6e58-4d2e-9bb6-dcf79e65715c.svg
52031,images/bim_families/image_1_bimlibb6e935c318f2e1ea37dd8bf2543b5765.jpg,Zivkon TX 1201,,general_selenium,100,100,2995,image_1_bimlibb6e935c318f2e1ea37dd8bf2543b5765.jpg
52031,images/bim_families/image_2_bimlibb32476dff8cae5078c70e5bd85e0c2d5.jpg,КТтрон-праймер,,general_selenium,100,100,4196,image_2_bimlibb32476dff8cae5078c70e5bd85e0c2d5.jpg
52031,images/bim_families/image_3_04.jpg,Базальтовый утеплитель HOTROCK Фасад ПРО,,general_selenium,100,100,16738,image_3_04.jpg
52031,images/bim_families/image_4_bimlibfb375ccd7fd462512adb26640ed827d3.jpg,Крафтор SC70 D,,general_selenium,100,100,3827,image_4_bimlibfb375ccd7fd462512adb26640ed827d3.jpg
52031,images/bim_families/image_5_0701%20.png,Загружаемое семейство узла примыкания кровли к вентилируемому фасаду,,general_selenium,207,207,173281,image_5_0701%20.png
52031,images/bim_families/image_6_2b45642a-6e58-4d2e-9bb6-dcf79e65715c.svg,ПЕНОПЛЭКС,,general_selenium,159,159,29044,image_6_2b45642a-6e58-4d2e-9bb6-dcf79e65715c.svg
52053,images/bim_families/image_1_%D0%BF15%20%D0%BA%20%D1%81%D1%82%D0%BE%D0%B9%D0%BA%D0%B0%D0%BC.png,,,slider_selenium,306,200,75685,image_1_%D0%BF15%20%D0%BA%20%D1%81%D1%82%D0%BE%D0%B9%D0%BA%D0%B0%D0%BC.png
52053,images/bim_families/image_2_%D0%BF15%20%D0%BA%20%D1%81%D1%82%D0%BE%D0%B9%D0%BA%D0%B0%D0%BC1.png,,,slider_selenium,306,200,130003,image_2_%D0%BF15%20%D0%BA%20%D1%81%D1%82%D0%BE%D0%B9%D0%BA%D0%B0%D0%BC1.png
52053,images/bim_families/image_3_%D0%BF15%20%D0%BA%20%D1%81%D1%82%D0%BE%D0%B9%D0%BA%D0%B0%D0%BC.png,Загружаемые семейства примыканий кровли к стойкам под оборудование,,general_selenium,207,207,75685,image_3_%D0%BF15%20%D0%BA%20%D1%81%D1%82%D0%BE%D0%B9%D0%BA%D0%B0%D0%BC.png
52053,images/bim_families/image_4_2b45642a-6e58-4d2e-9bb6-dcf79e65715c.svg,ПЕНОПЛЭКС,,general_selenium,159,159,29044,image_4_2b45642a-6e58-4d2e-9bb6-dcf79e65715c.svg
52034,images/bim_families/image_1_bimlib1f53873b547528e2764efe715c3b6664.png,Прокладка паронитовая ПР9,,general_selenium,100,100,17644,image_1_bimlib1f53873b547528e2764efe715c3b6664.png
52034,images/bim_families/image_4_bimlibf26e3a43c4b2a9a40586156fa9bbd4ff.jpg,Хомут составной с виброгасителем для сверхвысоких нагрузок PI-ХНD 177-184,,general_selenium,100,100,28855,image_4_bimlibf26e3a43c4b2a9a40586156fa9bbd4ff.jpg
52034,images/bim_families/image_5_0801.png,Загружаемое семейство узла примыкания кровли к утепленному парапету.,,general_selenium,207,207,13992,image_5_0801.png
52034,images/bim_families/image_6_2b45642a-6e58-4d2e-9bb6-dcf79e65715c.svg,ПЕНОПЛЭКС,,general_selenium,159,159,29044,image_6_2b45642a-6e58-4d2e-9bb6-dcf79e65715c.svg
52013,images/bim_families/image_1_%D0%BF0301.png,,,slider_selenium,306,200,38194,image_1_%D0%BF0301.png
52013,images/bim_families/image_2_%D0%BF0302.png,,,slider_selenium,306,200,34569,image_2_%D0%BF0302.png
52013,images/bim_families/image_3_%D0%BF0301.png,Загружаемое семейство узла примыкания кровли к парапетам высотой более 600 мм,,general_selenium,207,207,17401,image_3_%D0%BF0301.png
52013,images/bim_families/image_4_2b45642a-6e58-4d2e-9bb6-dcf79e65715c.svg,ПЕНОПЛЭКС,,general_selenium,159,159,29044,image_4_2b45642a-6e58-4d2e-9bb6-dcf79e65715c.svg
1619,images/bim_families/image_1_bimliba470546f8c80dd3f63605ae1ddba9265.jpg,,,slider_selenium,306,200,11560,image_1_bimliba470546f8c80dd3f63605ae1ddba9265.jpg
1619,images/bim_families/image_2_bimlib5dcb91eb515a43498098705afbbd09f8.jpg,,,slider_selenium,306,200,11818,image_2_bimlib5dcb91eb515a43498098705afbbd09f8.jpg
1619,images/bim_families/image_3_bimliba470546f8c80dd3f63605ae1ddba9265.jpg,Забор сварной Теган 2.7х2.0,,general_selenium,207,207,6014,image_3_bimliba470546f8c80dd3f63605ae1ddba9265.jpg
1619,images/bim_families/image_4_0c6c0506-1155-4cb3-8b35-35f94a6d30f0.jpg,Теган,,general_selenium,159,159,171372,image_4_0c6c0506-1155-4cb3-8b35-35f94a6d30f0.jpg
